{"island_feature_maps": [{"5-0": "initial"}, {"0-5": "f1a5469e-5aa1-4229-a739-9f0f6185e5f8", "4-0": "aeda5749-3f08-495f-b427-31be84cef1e6"}, {"0-9": "f25e6902-8dac-4652-a38f-b511fe8ab76f"}], "islands": [["initial"], ["aeda5749-3f08-495f-b427-31be84cef1e6", "f1a5469e-5aa1-4229-a739-9f0f6185e5f8"], ["f25e6902-8dac-4652-a38f-b511fe8ab76f", "d27e9681-3648-4b98-bc58-87b6c5e2a124"]], "archive": ["d27e9681-3648-4b98-bc58-87b6c5e2a124", "initial", "f1a5469e-5aa1-4229-a739-9f0f6185e5f8", "aeda5749-3f08-495f-b427-31be84cef1e6", "f25e6902-8dac-4652-a38f-b511fe8ab76f"], "best_program_id": "f25e6902-8dac-4652-a38f-b511fe8ab76f", "island_best_programs": ["initial", "f1a5469e-5aa1-4229-a739-9f0f6185e5f8", "f25e6902-8dac-4652-a38f-b511fe8ab76f"], "last_iteration": 5, "current_island": 0, "island_generations": [0, 2, 2], "last_migration_generation": 0, "feature_stats": {"complexity": {"min": 560.0, "max": 1221.0, "values": [1221.0, 877.0, 723.0, 942.0, 560.0]}, "diversity": {"min": 81.10000000000001, "max": 232.075, "values": [126.9, 130.85000000000002, 81.10000000000001, 232.075]}}}