{"island_feature_maps": [{"5-0": "initial", "9-5": "87d1a3c3-ae7e-426b-a9a7-be23f13de976"}, {"9-9": "cd141647-c6b4-4265-8350-62b11c72e102"}, {}, {}], "islands": [["87d1a3c3-ae7e-426b-a9a7-be23f13de976", "initial"], ["cd141647-c6b4-4265-8350-62b11c72e102"], [], []], "archive": ["cd141647-c6b4-4265-8350-62b11c72e102", "87d1a3c3-ae7e-426b-a9a7-be23f13de976", "initial"], "best_program_id": "cd141647-c6b4-4265-8350-62b11c72e102", "island_best_programs": ["87d1a3c3-ae7e-426b-a9a7-be23f13de976", "cd141647-c6b4-4265-8350-62b11c72e102", null, null], "last_iteration": 2, "current_island": 0, "island_generations": [1, 1, 0, 0], "last_migration_generation": 0, "feature_stats": {"complexity": {"min": 1221.0, "max": 6679.0, "values": [1221.0, 3066.0, 6679.0]}, "diversity": {"min": 819.5, "max": 1723.0500000000002, "values": [819.5, 1723.0500000000002]}}}