{"island_feature_maps": [{"5-0": "initial", "9-5": "f4c2cef2-561e-4638-b070-76c1c72ae007"}, {}, {}], "islands": [["f4c2cef2-561e-4638-b070-76c1c72ae007", "initial"], [], []], "archive": ["f4c2cef2-561e-4638-b070-76c1c72ae007", "initial"], "best_program_id": "f4c2cef2-561e-4638-b070-76c1c72ae007", "island_best_programs": ["f4c2cef2-561e-4638-b070-76c1c72ae007", null, null], "last_iteration": 1, "current_island": 0, "island_generations": [1, 0, 0], "last_migration_generation": 0, "feature_stats": {"complexity": {"min": 1221.0, "max": 1967.0, "values": [1221.0, 1967.0]}, "diversity": {"min": 239.10000000000002, "max": 239.10000000000002, "values": [239.10000000000002]}}}